{
  "1430586292034342925": [
    {
      "author": "Legend Bot",
      "content": "Hallo! 😊",
      "timestamp": 1765878976133
    },
    {
      "author": "Legend Bot",
      "content": "Hey there! 🌟 I can’t check the time, but you could always ask your phone! Or better yet, just *pretend* it's \"time to have fun!\" 😂 What’s up?",
      "timestamp": 1765881187831
    },
    {
      "author": "Legend Bot",
      "content": "こんにちは! 😊",
      "timestamp": 1765881249477
    },
    {
      "author": "callmewayne",
      "content": "test",
      "timestamp": 1765883652111
    },
    {
      "author": "Legend Bot",
      "content": "Hey! Just testing the waters, huh? 🤔 What’s on your mind? ",
      "timestamp": 1765883655295
    }
  ],
  "1419352213607809046": [
    {
      "author": "ellie08bell",
      "content": "Umm not any intresting hobbies,it just depends upon my mood\nI just do yoga meditation daily \nI like playing multiplayer games, chatting with my frnds, watching k dramas,sometimes I do planting,Sometimes I do cook something when I like, listening music,etc",
      "timestamp": 1765961354212
    },
    {
      "author": "ellie08bell",
      "content": "And urs?",
      "timestamp": 1765961373940
    },
    {
      "author": "callmewayne",
      "content": "Mostly gaming aaand coding atm",
      "timestamp": 1765961897402
    },
    {
      "author": "ellie08bell",
      "content": "Ohh nc nc",
      "timestamp": 1765963550336
    },
    {
      "author": "callmewayne",
      "content": "hello there",
      "timestamp": 1765988967391
    },
    {
      "author": "elliottking223",
      "content": "Hey",
      "timestamp": 1765989050624
    }
  ],
  "828231978124968006": [
    {
      "author": "callmewayne",
      "content": "/fun hug <@408785106942164992>",
      "timestamp": 1765961517383
    }
  ]
}